feature,gain
EXT_SOURCE_3,97342.27660117831
EXT_SOURCE_2,92471.34593388012
EXT_SOURCE_1,32241.007104873657
PAYMENT_RATE,22971.266645840235
DAYS_EMPLOYED,15091.244822978973
INSTAL_DPD_MEAN,9878.046439238957
AMT_ANNUITY,9297.859373637608
DAYS_BIRTH,7872.818775211062
CODE_GENDER,7221.229107788631
INSTAL_AMT_PAYMENT_SUM,6933.056491443089
APPROVED_CNT_PAYMENT_MEAN,6884.1446677957265
CC_CNT_DRAWINGS_ATM_CURRENT_MEAN,6648.490874699184
ACTIVE_DAYS_CREDIT_MAX,6645.00316967283
PREV_CNT_PAYMENT_MEAN,6357.405921322958
DAYS_EMPLOYED_PERC,6270.711703981672
AMT_GOODS_PRICE,5997.594890049526
OWN_CAR_AGE,5947.834741285869
BURO_DAYS_CREDIT_MEAN,5778.502044813974
AGE,5702.2313077790395
AMT_CREDIT,5643.755243165152
ANNUITY_INCOME_PERC,5479.056416409357
NAME_EDUCATION_TYPE_Higher education,5444.204156807491
DAYS_ID_PUBLISH,5359.784628016608
INSTAL_PAYMENT_PERC_MEAN,5129.020406280245
PREV_NAME_CONTRACT_STATUS_Refused_MEAN,4766.156669207981
POS_MONTHS_BALANCE_SIZE,4703.326218026025
BURO_AMT_CREDIT_MAX_OVERDUE_MEAN,4208.479535511562
INSTAL_DAYS_ENTRY_PAYMENT_MAX,4205.554774080004
BURO_DAYS_CREDIT_MAX,4171.582967213222
DAYS_REGISTRATION,4096.991215365274
ACTIVE_DAYS_CREDIT_ENDDATE_MIN,4009.536574670247
POS_SK_DPD_DEF_MEAN,3979.3458958353317
BURO_AMT_CREDIT_SUM_DEBT_MEAN,3940.2337505476817
INSTAL_DBD_SUM,3916.3848066329956
INCOME_CREDIT_PERC,3718.0832106045314
ACTIVE_DAYS_CREDIT_ENDDATE_MEAN,3708.145220211574
INSTAL_PAYMENT_DIFF_MEAN,3686.2261515344894
PREV_APP_CREDIT_PERC_MEAN,3676.88389141219
APPROVED_AMT_DOWN_PAYMENT_MAX,3602.7036714553833
INSTAL_DAYS_ENTRY_PAYMENT_SUM,3528.3534188951767
CLOSED_DAYS_CREDIT_MAX,3472.9449605601176
INSTAL_DAYS_ENTRY_PAYMENT_MEAN,3471.087272848402
DAYS_LAST_PHONE_CHANGE,3464.6855494635447
ACTIVE_AMT_CREDIT_MAX_OVERDUE_MEAN,3255.5886876242503
ACTIVE_DAYS_CREDIT_ENDDATE_MAX,3222.138285091945
INSTAL_AMT_PAYMENT_MEAN,3130.109112875802
REFUSED_DAYS_DECISION_MAX,3115.901887859617
INSTAL_AMT_PAYMENT_MIN,3097.7734550067357
CLOSED_DAYS_CREDIT_VAR,3039.614704472678
CLOSED_DAYS_CREDIT_ENDDATE_MAX,3025.57442007746
BURO_DAYS_CREDIT_ENDDATE_MAX,2995.5864307539805
INSTAL_DBD_MAX,2988.5237899507797
BURO_CREDIT_TYPE_Microloan_MEAN,2985.171075275966
CC_CNT_DRAWINGS_ATM_CURRENT_VAR,2983.3659726211004
PREV_APP_CREDIT_PERC_MIN,2981.662949902671
INSTAL_AMT_INSTALMENT_MAX,2922.383421284812
CC_CNT_DRAWINGS_CURRENT_VAR,2854.4501814161026
INSTAL_DBD_MEAN,2819.1544964654104
APPROVED_DAYS_DECISION_MAX,2819.0216198648727
BURO_DAYS_CREDIT_ENDDATE_MEAN,2805.8854660987854
POS_MONTHS_BALANCE_MEAN,2791.382203919547
APPROVED_AMT_ANNUITY_MEAN,2789.7238725253515
BURO_CREDIT_ACTIVE_Closed_MEAN,2780.996162244252
BURO_AMT_CREDIT_SUM_MEAN,2754.1160025937215
INSTAL_AMT_INSTALMENT_SUM,2749.2438750948227
ACTIVE_AMT_CREDIT_SUM_SUM,2734.972508771079
ACTIVE_DAYS_CREDIT_UPDATE_MEAN,2711.5913671766007
CLOSED_AMT_CREDIT_SUM_SUM,2710.60775579725
BURO_AMT_CREDIT_SUM_SUM,2692.5254528181895
CLOSED_AMT_CREDIT_SUM_MEAN,2686.499056475503
CLOSED_AMT_CREDIT_SUM_MAX,2653.1281208992004
REGION_POPULATION_RELATIVE,2636.7211508069718
FLAG_DOCUMENT_3,2619.8573551518575
PREV_NAME_YIELD_GROUP_high_MEAN,2562.4464163099015
BURO_DAYS_CREDIT_VAR,2558.1410929134913
POS_NAME_CONTRACT_STATUS_Active_MEAN,2530.847129072462
PREV_DAYS_DECISION_MAX,2528.064074243818
APPROVED_CNT_PAYMENT_SUM,2444.874507052558
ACTIVE_DAYS_CREDIT_MEAN,2402.386338165828
PREV_AMT_DOWN_PAYMENT_MAX,2393.510910442897
CC_CNT_DRAWINGS_CURRENT_MEAN,2393.246256623949
PREV_DAYS_DECISION_MIN,2391.4799044132233
ACTIVE_AMT_CREDIT_SUM_DEBT_MEAN,2381.1741415773117
BURO_AMT_CREDIT_SUM_MAX,2361.0797770363943
BURO_DAYS_CREDIT_UPDATE_MEAN,2319.29685320173
ACTIVE_DAYS_CREDIT_VAR,2288.2897116116114
PREV_DAYS_DECISION_MEAN,2282.3891853604996
INCOME_PER_PERSON,2280.1674479757035
NAME_EDUCATION_TYPE_Secondary / secondary special,2278.437208516257
PREV_APP_CREDIT_PERC_VAR,2247.830758537565
REGION_RATING_CLIENT_W_CITY,2233.855288028717
PREV_NAME_CONTRACT_STATUS_Approved_MEAN,2202.75902727672
ACTIVE_AMT_CREDIT_SUM_MEAN,2149.621077299118
INSTAL_PAYMENT_PERC_SUM,2148.1341536045074
PREV_HOUR_APPR_PROCESS_START_MEAN,2146.648459468569
INSTAL_AMT_PAYMENT_MAX,2138.286584854126
INSTAL_PAYMENT_DIFF_MAX,2128.704182897295
PREV_AMT_ANNUITY_MEAN,2093.1492027214595
APPROVED_APP_CREDIT_PERC_VAR,2074.388449055808
REFUSED_APP_CREDIT_PERC_MIN,2045.9000149794988
CLOSED_DAYS_CREDIT_UPDATE_MEAN,2013.8983860697065
PREV_AMT_ANNUITY_MIN,2002.9297789164953
POS_MONTHS_BALANCE_MAX,2000.8727274622236
ACTIVE_AMT_CREDIT_SUM_MAX,1991.4065525872368
NAME_FAMILY_STATUS_Married,1967.1189398424965
APPROVED_DAYS_DECISION_MEAN,1954.6769264766149
PREV_APP_CREDIT_PERC_MAX,1948.4773001670837
APPROVED_AMT_ANNUITY_MAX,1893.351806300027
POS_NAME_CONTRACT_STATUS_Completed_MEAN,1879.0718007087708
ACTIVE_AMT_CREDIT_SUM_DEBT_SUM,1847.0709493500847
APPROVED_APP_CREDIT_PERC_MAX,1841.2336671692985
TOTALAREA_MODE,1820.2249913896833
NAME_CONTRACT_TYPE,1819.3740758214678
ACTIVE_DAYS_CREDIT_MIN,1810.5027826513563
APPROVED_APP_CREDIT_PERC_MEAN,1770.3746162142072
APPROVED_AMT_ANNUITY_MIN,1764.1547859736852
AMT_INCOME_TOTAL,1755.1155583177294
APPROVED_DAYS_DECISION_MIN,1736.0955735274724
CLOSED_DAYS_CREDIT_ENDDATE_MEAN,1734.9602870941162
REFUSED_DAYS_DECISION_MEAN,1724.7541044098991
BURO_DAYS_CREDIT_MIN,1723.1826537336622
PREV_NAME_YIELD_GROUP_low_action_MEAN,1714.5225348131996
DEF_30_CNT_SOCIAL_CIRCLE,1698.2411930561066
BURO_AMT_CREDIT_SUM_DEBT_SUM,1690.9190968785967
ACTIVE_AMT_CREDIT_SUM_LIMIT_MEAN,1675.099112544741
INSTAL_AMT_INSTALMENT_MEAN,1667.3474129268102
BURO_DAYS_CREDIT_ENDDATE_MIN,1657.8496221133641
CLOSED_AMT_CREDIT_MAX_OVERDUE_MEAN,1637.6783254487175
APPROVED_AMT_CREDIT_MIN,1607.4501324381147
ACTIVE_AMT_CREDIT_SUM_DEBT_MAX,1596.8940130642482
CLOSED_DAYS_CREDIT_MEAN,1593.7265889985222
CLOSED_DAYS_CREDIT_ENDDATE_MIN,1590.8102088315147
APPROVED_APP_CREDIT_PERC_MIN,1589.4163706643242
APPROVED_HOUR_APPR_PROCESS_START_MEAN,1576.7675670215062
INSTAL_PAYMENT_DIFF_SUM,1531.704816205161
APPROVED_AMT_CREDIT_MAX,1504.805555684226
PREV_NAME_TYPE_SUITE_nan_MEAN,1503.9858045578003
POS_SK_DPD_DEF_MAX,1500.553177016122
CLOSED_DAYS_CREDIT_MIN,1492.6268060888563
BURO_AMT_CREDIT_SUM_DEBT_MAX,1486.2380198069982
PREV_CNT_PAYMENT_SUM,1481.0790209089007
PREV_NAME_PRODUCT_TYPE_walk-in_MEAN,1445.4533529962812
APPROVED_AMT_GOODS_PRICE_MIN,1438.6832064219884
PREV_AMT_DOWN_PAYMENT_MEAN,1436.222024849483
BURO_AMT_CREDIT_SUM_OVERDUE_MEAN,1432.015365736825
PREV_AMT_GOODS_PRICE_MIN,1427.4594497340065
INSTAL_DPD_MAX,1415.1964179107122
BURO_CREDIT_ACTIVE_Active_MEAN,1408.137238570622
PREV_NAME_TYPE_SUITE_Unaccompanied_MEAN,1371.6637136595589
BURO_STATUS_0_MEAN_MEAN,1364.7382521288735
PREV_AMT_ANNUITY_MAX,1359.217829329627
PREV_NAME_YIELD_GROUP_low_normal_MEAN,1347.3377327919006
BURO_CREDIT_TYPE_Mortgage_MEAN,1311.3476786272865
PREV_AMT_CREDIT_MEAN,1292.2516758101326
PREV_NAME_CLIENT_TYPE_New_MEAN,1264.3863926955632
YEARS_BEGINEXPLUATATION_AVG,1257.3399902752467
APPROVED_HOUR_APPR_PROCESS_START_MAX,1255.2320597171783
INSTAL_PAYMENT_PERC_VAR,1234.6460659163338
BURO_CREDIT_TYPE_Credit card_MEAN,1230.8380310194832
BURO_STATUS_C_MEAN_MEAN,1219.4566251891
PREV_AMT_CREDIT_MAX,1210.8025124754224
PREV_WEEKDAY_APPR_PROCESS_START_THURSDAY_MEAN,1200.7185515676226
HOUR_APPR_PROCESS_START,1191.651083435331
INSTAL_DPD_SUM,1187.1159031731743
PREV_RATE_DOWN_PAYMENT_MEAN,1183.3361626352582
NAME_INCOME_TYPE_Working,1173.9074899128505
PREV_RATE_DOWN_PAYMENT_MAX,1173.2013915606908
PREV_AMT_APPLICATION_MEAN,1165.175257069724
APPROVED_AMT_APPLICATION_MAX,1162.8633501189095
APARTMENTS_MODE,1149.951486791883
PREV_WEEKDAY_APPR_PROCESS_START_MONDAY_MEAN,1149.078525543213
APPROVED_AMT_DOWN_PAYMENT_MEAN,1146.5312458447047
PREV_NAME_SELLER_INDUSTRY_Connectivity_MEAN,1146.4324490683418
PREV_AMT_GOODS_PRICE_MEAN,1144.451225893838
APPROVED_RATE_DOWN_PAYMENT_MAX,1131.8207295962743
LANDAREA_AVG,1130.9186139787946
ACTIVE_MONTHS_BALANCE_SIZE_MEAN,1126.1616291999817
PREV_PRODUCT_COMBINATION_Cash X-Sell: low_MEAN,1123.349184002195
BASEMENTAREA_AVG,1121.7790634291512
PREV_PRODUCT_COMBINATION_Cash X-Sell: high_MEAN,1120.4112708909172
BURO_CREDIT_TYPE_Consumer credit_MEAN,1114.459549495152
APPROVED_AMT_APPLICATION_MIN,1110.4080584389824
BURO_STATUS_1_MEAN_MEAN,1105.065687247685
INSTAL_PAYMENT_DIFF_VAR,1104.5242580005101
LIVINGAREA_AVG,1102.1918306350708
BURO_AMT_CREDIT_SUM_LIMIT_MEAN,1098.1483357974462
CC_AMT_DRAWINGS_ATM_CURRENT_MEAN,1083.8230257715497
APPROVED_AMT_CREDIT_MEAN,1081.5591877188
APARTMENTS_AVG,1078.9904715674263
PREV_CODE_REJECT_REASON_XAP_MEAN,1061.2626254217964
INSTAL_COUNT,1053.360624211175
POS_NAME_CONTRACT_STATUS_Signed_MEAN,1049.2127922262464
REFUSED_DAYS_DECISION_MIN,1049.113084248134
REFUSED_AMT_CREDIT_MIN,1047.0899799210686
CC_AMT_BALANCE_MEAN,1041.5787617138453
YEARS_BEGINEXPLUATATION_MODE,1040.4437509264264
PREV_HOUR_APPR_PROCESS_START_MAX,1035.3932208333697
PREV_WEEKDAY_APPR_PROCESS_START_TUESDAY_MEAN,1026.0338345936366
CLOSED_MONTHS_BALANCE_SIZE_MEAN,1021.2863138743809
REFUSED_AMT_ANNUITY_MIN,1016.5817723274231
APPROVED_RATE_DOWN_PAYMENT_MEAN,1016.4219403266907
PREV_NAME_YIELD_GROUP_middle_MEAN,1006.5704951967512
PREV_NAME_TYPE_SUITE_Family_MEAN,994.6770445278713
BURO_MONTHS_BALANCE_SIZE_MEAN,986.3193583488464
CC_AMT_PAYMENT_CURRENT_MEAN,984.1493169920785
PREV_PRODUCT_COMBINATION_Cash Street: high_MEAN,965.428072656904
POS_COUNT,963.5795930453709
APPROVED_AMT_GOODS_PRICE_MEAN,962.6788311004639
ACTIVE_AMT_CREDIT_SUM_OVERDUE_MEAN,959.2999198436737
APPROVED_AMT_APPLICATION_MEAN,956.7241803577969
PREV_WEEKDAY_APPR_PROCESS_START_FRIDAY_MEAN,954.8461483887264
PREV_AMT_CREDIT_MIN,953.3752944128854
PREV_CHANNEL_TYPE_Country-wide_MEAN,943.1746454920087
REFUSED_APP_CREDIT_PERC_MEAN,940.0481278896332
PREV_CODE_REJECT_REASON_HC_MEAN,920.0198848588126
PREV_WEEKDAY_APPR_PROCESS_START_WEDNESDAY_MEAN,908.113395690918
LIVINGAREA_MODE,907.1914730072021
CC_AMT_PAYMENT_CURRENT_MAX,899.8338367598398
PREV_CHANNEL_TYPE_AP+ (Cash loan)_MEAN,893.4259229387555
REFUSED_APP_CREDIT_PERC_VAR,886.5530992235456
CC_CNT_DRAWINGS_CURRENT_MAX,883.3159868376596
PREV_PRODUCT_COMBINATION_POS household with interest_MEAN,880.1780106680734
PREV_NAME_YIELD_GROUP_XNA_MEAN,880.088256086622
REFUSED_HOUR_APPR_PROCESS_START_MEAN,879.188502073288
BURO_STATUS_X_MEAN_MEAN,873.3038914544242
PREV_AMT_APPLICATION_MAX,867.5633215904236
LANDAREA_MODE,860.5462447575161
PREV_AMT_APPLICATION_MIN,844.2788723877499
PREV_NAME_SELLER_INDUSTRY_Consumer electronics_MEAN,835.7056878634861
OBS_30_CNT_SOCIAL_CIRCLE,835.0472384180341
YEARS_BEGINEXPLUATATION_MEDI,834.8596881798336
PREV_RATE_DOWN_PAYMENT_MIN,832.676438331604
PREV_CHANNEL_TYPE_Stone_MEAN,831.9674819537571
PREV_WEEKDAY_APPR_PROCESS_START_SATURDAY_MEAN,828.2727410112109
DEF_60_CNT_SOCIAL_CIRCLE,815.2040627343314
LIVINGAPARTMENTS_MODE,814.943192754473
REFUSED_AMT_ANNUITY_MAX,814.7941718101501
PREV_PRODUCT_COMBINATION_POS industry with interest_MEAN,813.4444393430438
PREV_CHANNEL_TYPE_Credit and cash offices_MEAN,806.8699320384434
COMMONAREA_AVG,795.9567666053772
LIVINGAPARTMENTS_AVG,790.461003780365
INSTAL_NUM_INSTALMENT_VERSION_NUNIQUE,782.8563744000027
YEARS_BUILD_AVG,779.6234483037676
POS_SK_DPD_MEAN,776.1234850202288
ENTRANCES_AVG,772.148831639971
PREV_PRODUCT_COMBINATION_Cash X-Sell: middle_MEAN,767.8115997314453
CC_AMT_CREDIT_LIMIT_ACTUAL_SUM,762.4575704847064
FLOORSMAX_AVG,760.0821798188346
REG_CITY_NOT_LIVE_CITY,760.0782745906284
APPROVED_HOUR_APPR_PROCESS_START_MIN,757.3006746428354
CC_AMT_CREDIT_LIMIT_ACTUAL_MEAN,757.1331388950348
PREV_NAME_PAYMENT_TYPE_XNA_MEAN,755.6788856983185
CC_AMT_CREDIT_LIMIT_ACTUAL_VAR,754.8416964667184
PREV_NAME_GOODS_CATEGORY_Mobile_MEAN,745.5429468836103
CLOSED_AMT_ANNUITY_MAX,728.6735142299107
CC_AMT_PAYMENT_CURRENT_VAR,723.1636959484646
CC_AMT_BALANCE_MIN,721.8416271209717
PREV_NAME_PRODUCT_TYPE_x-sell_MEAN,718.0083046640668
BASEMENTAREA_MODE,716.0919170379639
REFUSED_APP_CREDIT_PERC_MAX,712.6022848401751
ACTIVE_AMT_ANNUITY_MAX,711.4333745070866
PREV_HOUR_APPR_PROCESS_START_MIN,710.7344835826328
CC_AMT_DRAWINGS_ATM_CURRENT_VAR,709.4612158366612
PREV_NAME_PRODUCT_TYPE_XNA_MEAN,701.5723115376064
REFUSED_AMT_ANNUITY_MEAN,700.4709374564035
ACTIVE_MONTHS_BALANCE_MIN_MIN,699.2439894676208
PREV_NAME_CLIENT_TYPE_Refreshed_MEAN,698.6641738074167
ACTIVE_AMT_CREDIT_SUM_LIMIT_SUM,697.7884251390185
CC_AMT_RECEIVABLE_PRINCIPAL_MEAN,695.7016414233616
REFUSED_CNT_PAYMENT_SUM,693.9645712716239
PREV_NAME_PAYMENT_TYPE_Cash through the bank_MEAN,692.538856778826
NONLIVINGAREA_AVG,690.0554206711905
APPROVED_AMT_GOODS_PRICE_MAX,689.8349076679775
ACTIVE_AMT_ANNUITY_MEAN,689.4624191011701
BURO_MONTHS_BALANCE_SIZE_SUM,685.2724912507193
REFUSED_AMT_CREDIT_MAX,681.3121089254107
PREV_NAME_GOODS_CATEGORY_Consumer Electronics_MEAN,678.6424347332546
APPROVED_AMT_DOWN_PAYMENT_MIN,678.5239735330854
PREV_WEEKDAY_APPR_PROCESS_START_SUNDAY_MEAN,677.9669117927551
REFUSED_HOUR_APPR_PROCESS_START_MIN,671.5050335611616
POS_SK_DPD_MAX,667.5344608851841
PREV_AMT_DOWN_PAYMENT_MIN,667.5057819570814
AMT_REQ_CREDIT_BUREAU_QRT,666.8012921469552
CC_AMT_DRAWINGS_CURRENT_MEAN,666.5323655945914
LIVINGAREA_MEDI,663.2562710217068
PREV_NAME_CLIENT_TYPE_Repeater_MEAN,660.4559242384775
CLOSED_AMT_ANNUITY_MEAN,657.1629413196018
APPROVED_RATE_DOWN_PAYMENT_MIN,656.9213007518223
REFUSED_CNT_PAYMENT_MEAN,656.2673525129046
COMMONAREA_MODE,655.7561309678214
CLOSED_MONTHS_BALANCE_MIN_MIN,651.870603288923
NONLIVINGAREA_MODE,648.7485861778259
CLOSED_MONTHS_BALANCE_SIZE_SUM,645.9070386886597
BURO_AMT_ANNUITY_MEAN,636.6117854118347
ACTIVE_MONTHS_BALANCE_SIZE_SUM,635.9932539122445
PREV_NAME_GOODS_CATEGORY_Audio/Video_MEAN,631.0387997627258
ORGANIZATION_TYPE_Self-employed,624.7950284481049
OCCUPATION_TYPE_Core staff,622.6935947963169
CC_AMT_INST_MIN_REGULARITY_VAR,620.7464506966727
BURO_MONTHS_BALANCE_MIN_MIN,619.9577460970197
PREV_CODE_REJECT_REASON_SCOFR_MEAN,619.6617085593087
BURO_AMT_ANNUITY_MAX,619.1656661714826
PREV_NAME_PORTFOLIO_Cash_MEAN,609.3887414251055
REFUSED_AMT_APPLICATION_MIN,605.8609772409711
CC_AMT_RECIVABLE_MIN,604.8115059307644
PREV_NAME_PORTFOLIO_XNA_MEAN,604.1072132928031
PREV_CODE_REJECT_REASON_LIMIT_MEAN,600.7158451080322
APARTMENTS_MEDI,592.5090175696781
NAME_INCOME_TYPE_State servant,588.1396548407419
PREV_NAME_GOODS_CATEGORY_Computers_MEAN,587.4380709784372
PREV_NAME_CASH_LOAN_PURPOSE_XNA_MEAN,587.3659608023507
CC_AMT_PAYMENT_CURRENT_SUM,577.0916781425476
OBS_60_CNT_SOCIAL_CIRCLE,575.404814856393
PREV_PRODUCT_COMBINATION_POS mobile with interest_MEAN,574.7868519510541
"PREV_NAME_TYPE_SUITE_Spouse, partner_MEAN",570.5950944083078
BURO_AMT_CREDIT_SUM_LIMIT_SUM,569.1379584584918
POS_NAME_CONTRACT_STATUS_Returned to the store_MEAN,562.488682610648
PREV_NAME_CONTRACT_STATUS_Canceled_MEAN,557.6687521593911
REFUSED_AMT_GOODS_PRICE_MIN,552.5523592403957
PREV_NAME_SELLER_INDUSTRY_XNA_MEAN,543.269577230726
PREV_CHANNEL_TYPE_Contact center_MEAN,542.0142624037607
BASEMENTAREA_MEDI,540.8843271391733
PREV_PRODUCT_COMBINATION_Cash Street: low_MEAN,538.3204898493631
AMT_REQ_CREDIT_BUREAU_YEAR,536.3298792157855
CC_SK_DPD_DEF_MEAN,535.5170277867999
CC_AMT_RECIVABLE_MEAN,530.6155349867685
PREV_NAME_PORTFOLIO_POS_MEAN,527.3343800817217
FLAG_WORK_PHONE,525.0493153844561
PREV_PRODUCT_COMBINATION_Cash_MEAN,524.4310259819031
CC_AMT_DRAWINGS_ATM_CURRENT_SUM,521.9051416260855
PREV_PRODUCT_COMBINATION_POS household without interest_MEAN,521.2606866700309
PREV_NAME_PORTFOLIO_Cards_MEAN,512.4349609102521
YEARS_BUILD_MODE,502.31688135010853
CLOSED_AMT_CREDIT_SUM_DEBT_MEAN,500.61057976314
REFUSED_HOUR_APPR_PROCESS_START_MAX,500.3542699813843
PREV_CHANNEL_TYPE_Regional / Local_MEAN,498.38002014160156
LANDAREA_MEDI,496.0598647253854
FLOORSMIN_AVG,483.0051761354719
CC_AMT_PAYMENT_TOTAL_CURRENT_MEAN,476.4778813975198
CC_AMT_PAYMENT_TOTAL_CURRENT_SUM,472.68400958606173
CC_CNT_DRAWINGS_POS_CURRENT_VAR,468.9645368031093
PREV_NAME_GOODS_CATEGORY_Furniture_MEAN,468.37178434644426
PREV_NAME_GOODS_CATEGORY_XNA_MEAN,468.3448293549674
NONLIVINGAREA_MEDI,466.4007099696568
BURO_CREDIT_TYPE_Car loan_MEAN,460.5537836892264
REFUSED_AMT_APPLICATION_MAX,459.05133867263794
REFUSED_AMT_APPLICATION_MEAN,458.14465945107594
BURO_CREDIT_ACTIVE_Sold_MEAN,456.6641960144043
PREV_AMT_GOODS_PRICE_MAX,455.01734352111816
PREV_NAME_CONTRACT_TYPE_Consumer loans_MEAN,450.8064325196402
FLAG_OWN_CAR,448.1957414490836
PREV_NAME_CONTRACT_TYPE_Revolving loans_MEAN,445.3262006895883
REFUSED_AMT_CREDIT_MEAN,442.9336473941803
REFUSED_AMT_GOODS_PRICE_MEAN,429.2313620703561
CC_AMT_BALANCE_VAR,428.46047823769703
PREV_PRODUCT_COMBINATION_Card Street_MEAN,424.14110708236694
CC_AMT_PAYMENT_TOTAL_CURRENT_VAR,422.6575392314366
PREV_NAME_CONTRACT_TYPE_Cash loans_MEAN,420.19622795922413
CC_AMT_DRAWINGS_CURRENT_VAR,418.16283008030484
CLOSED_AMT_CREDIT_SUM_LIMIT_MEAN,410.43443999971663
COMMONAREA_MEDI,406.59697491782055
LIVINGAPARTMENTS_MEDI,404.68631403786793
CC_AMT_PAYMENT_TOTAL_CURRENT_MAX,403.2724046025957
CC_AMT_INST_MIN_REGULARITY_MEAN,403.01221799850464
ORGANIZATION_TYPE_Construction,402.57494143077304
CC_AMT_DRAWINGS_POS_CURRENT_SUM,398.86085987091064
OCCUPATION_TYPE_Drivers,386.43984866142273
PREV_NAME_GOODS_CATEGORY_Construction Materials_MEAN,379.4743687084743
REGION_RATING_CLIENT,372.10378088269914
CC_AMT_RECEIVABLE_PRINCIPAL_MIN,370.97963663509915
ELEVATORS_AVG,368.27834953580583
CC_AMT_DRAWINGS_ATM_CURRENT_MAX,362.36717210497176
INSTAL_PAYMENT_PERC_MAX,360.05950028555736
CC_AMT_DRAWINGS_CURRENT_MAX,359.3811823299953
CC_CNT_DRAWINGS_CURRENT_SUM,356.3836682864598
NONLIVINGAPARTMENTS_MODE,354.73510469709123
PREV_NAME_GOODS_CATEGORY_Photo / Cinema Equipment_MEAN,354.2477550165994
ORGANIZATION_TYPE_Transport: type 3,349.5431918416704
CC_AMT_BALANCE_MAX,349.3500030381339
PREV_PRODUCT_COMBINATION_Cash Street: middle_MEAN,349.27071469170704
NONLIVINGAPARTMENTS_AVG,347.80249071121216
CC_AMT_CREDIT_LIMIT_ACTUAL_MAX,345.7941362517221
PREV_PRODUCT_COMBINATION_POS mobile without interest_MEAN,345.351528099605
PREV_CHANNEL_TYPE_Channel of corporate sales_MEAN,345.3018613202231
REFUSED_AMT_GOODS_PRICE_MAX,345.0769510269165
PREV_NAME_TYPE_SUITE_Children_MEAN,344.21729523794994
CC_CNT_DRAWINGS_POS_CURRENT_MEAN,344.11358751569475
REFUSED_AMT_DOWN_PAYMENT_MAX,340.2312896592276
CC_AMT_PAYMENT_CURRENT_MIN,338.7139184134347
ACTIVE_MONTHS_BALANCE_MAX_MAX,336.4629284313747
CC_CNT_DRAWINGS_ATM_CURRENT_SUM,335.31489665167675
CNT_FAM_MEMBERS,334.44178543772017
CC_AMT_INST_MIN_REGULARITY_MAX,330.17466647284374
CC_CNT_INSTALMENT_MATURE_CUM_VAR,329.8778019632612
CC_CNT_INSTALMENT_MATURE_CUM_MEAN,329.1724805150713
ENTRANCES_MODE,323.71774509974887
CLOSED_AMT_CREDIT_SUM_DEBT_MAX,320.97305740628923
PREV_NAME_SELLER_INDUSTRY_Furniture_MEAN,318.119421005249
CC_MONTHS_BALANCE_MIN,318.04924004418507
REFUSED_RATE_DOWN_PAYMENT_MIN,317.61903180394853
CC_AMT_RECEIVABLE_PRINCIPAL_VAR,312.6054673194885
CLOSED_MONTHS_BALANCE_MAX_MAX,306.7203139577593
REFUSED_AMT_DOWN_PAYMENT_MIN,306.556433064597
CC_AMT_RECEIVABLE_PRINCIPAL_MAX,306.13026210239957
CC_AMT_DRAWINGS_POS_CURRENT_VAR,303.6590864317758
PREV_CODE_REJECT_REASON_SCO_MEAN,298.94334248134066
REFUSED_RATE_DOWN_PAYMENT_MAX,297.2080874443054
OCCUPATION_TYPE_Laborers,297.1557013988495
PREV_NAME_CASH_LOAN_PURPOSE_Repairs_MEAN,297.1408693449838
PREV_NAME_TYPE_SUITE_Other_A_MEAN,293.92454460689
CC_AMT_DRAWINGS_CURRENT_SUM,288.1595702852522
CC_CNT_DRAWINGS_POS_CURRENT_MAX,286.3701094218663
CC_CNT_DRAWINGS_ATM_CURRENT_MAX,283.3854573794774
CC_AMT_RECIVABLE_MAX,281.3470170838492
PREV_PRODUCT_COMBINATION_Card X-Sell_MEAN,278.319741657802
CLOSED_AMT_CREDIT_SUM_DEBT_SUM,274.4472358567374
CC_AMT_DRAWINGS_POS_CURRENT_MEAN,274.27258362088884
PREV_NAME_SELLER_INDUSTRY_Construction_MEAN,273.06267254693165
CC_AMT_BALANCE_SUM,272.9460800715855
CC_AMT_DRAWINGS_POS_CURRENT_MAX,270.5217501776559
PREV_PRODUCT_COMBINATION_POS other with interest_MEAN,270.3266357694353
PREV_NAME_CASH_LOAN_PURPOSE_XAP_MEAN,268.5446764401027
PREV_NAME_CONTRACT_STATUS_Unused offer_MEAN,267.50851004464283
CC_NAME_CONTRACT_STATUS_Active_SUM,266.32797881535123
REFUSED_AMT_DOWN_PAYMENT_MEAN,264.97248404366627
ORGANIZATION_TYPE_Business Entity Type 3,263.9951344558171
CC_AMT_RECIVABLE_VAR,263.1005233355931
CC_MONTHS_BALANCE_MEAN,261.97830898421154
YEARS_BUILD_MEDI,260.9036756243025
CC_AMT_INST_MIN_REGULARITY_SUM,259.6411828654153
PREV_NAME_CASH_LOAN_PURPOSE_Urgent needs_MEAN,259.3575006893703
REFUSED_RATE_DOWN_PAYMENT_MEAN,259.04718944004605
FLOORSMAX_MEDI,253.40363924843925
ORGANIZATION_TYPE_Military,244.40764331817627
FLOORSMAX_MODE,244.14386238370622
PREV_NAME_TYPE_SUITE_Other_B_MEAN,240.81886427743095
PREV_NAME_SELLER_INDUSTRY_Auto technology_MEAN,233.39078528540475
PREV_NAME_SELLER_INDUSTRY_Industry_MEAN,231.90691232681274
CC_AMT_CREDIT_LIMIT_ACTUAL_MIN,229.8737645149231
BURO_STATUS_5_MEAN_MEAN,229.71624851226807
PREV_NAME_CASH_LOAN_PURPOSE_Other_MEAN,225.15180574144637
CC_CNT_INSTALMENT_MATURE_CUM_SUM,225.13923699515206
FLAG_DOCUMENT_18,224.4376084123339
BURO_STATUS_2_MEAN_MEAN,223.09250031198775
ORGANIZATION_TYPE_School,220.96434579576766
FLOORSMIN_MODE,219.71713931219918
ENTRANCES_MEDI,219.53074550628662
BURO_MONTHS_BALANCE_MAX_MAX,218.91369342803955
CC_SK_DPD_MEAN,218.2093287876674
FLAG_PHONE,215.17680406570435
CC_MONTHS_BALANCE_SUM,209.52651180539812
CC_CNT_DRAWINGS_OTHER_CURRENT_VAR,205.03113310677665
CC_CNT_DRAWINGS_POS_CURRENT_SUM,204.14437988826208
PREV_NAME_GOODS_CATEGORY_Direct Sales_MEAN,202.34020001547677
OCCUPATION_TYPE_Sales staff,200.8693961415972
ELEVATORS_MODE,198.2636344773429
PREV_NAME_GOODS_CATEGORY_Clothing and Accessories_MEAN,195.72578253064836
CNT_CHILDREN,191.52367809840612
AMT_REQ_CREDIT_BUREAU_MON,189.34102044786727
PREV_NAME_GOODS_CATEGORY_Auto Accessories_MEAN,187.772066116333
CC_AMT_DRAWINGS_OTHER_CURRENT_MAX,185.90531158447266
NAME_FAMILY_STATUS_Single / not married,184.40318529946464
CC_AMT_RECEIVABLE_PRINCIPAL_SUM,179.73213386535645
CC_CNT_INSTALMENT_MATURE_CUM_MAX,176.09867681775773
CC_SK_DPD_DEF_VAR,174.46890381404333
POS_NAME_CONTRACT_STATUS_Approved_MEAN,166.90589468819755
CC_NAME_CONTRACT_STATUS_Completed_MEAN,165.2471832547869
ORGANIZATION_TYPE_Realtor,164.26439796175276
CC_CNT_DRAWINGS_POS_CURRENT_MIN,162.40101276125228
CLOSED_AMT_CREDIT_SUM_LIMIT_SUM,161.89156123570032
BURO_STATUS_3_MEAN_MEAN,161.45450660160608
PREV_PRODUCT_COMBINATION_POS industry without interest_MEAN,155.82293428693498
CC_AMT_TOTAL_RECEIVABLE_MEAN,155.19447244916643
BURO_STATUS_4_MEAN_MEAN,154.5890645640237
WALLSMATERIAL_MODE_Panel,154.372122492109
NONLIVINGAPARTMENTS_MEDI,152.06143685749598
CC_NAME_CONTRACT_STATUS_Active_VAR,148.24588400976998
PREV_NAME_SELLER_INDUSTRY_Clothing_MEAN,148.08191319874354
WEEKDAY_APPR_PROCESS_START_TUESDAY,147.71425706999642
BURO_CREDIT_DAY_OVERDUE_MAX,147.58394057410104
ORGANIZATION_TYPE_Industry: type 9,147.33760956355505
CC_NAME_CONTRACT_STATUS_Completed_SUM,142.55584580557687
CC_MONTHS_BALANCE_VAR,141.4841046333313
PREV_CODE_REJECT_REASON_XNA_MEAN,140.7823943410601
OCCUPATION_TYPE_Low-skill Laborers,139.5515307698931
WEEKDAY_APPR_PROCESS_START_WEDNESDAY,138.98861806733268
"WALLSMATERIAL_MODE_Stone, brick",138.8392951829093
CC_AMT_DRAWINGS_OTHER_CURRENT_VAR,138.8138837814331
WEEKDAY_APPR_PROCESS_START_THURSDAY,138.159289087568
FLAG_OWN_REALTY,136.78700726372855
PREV_NAME_PAYMENT_TYPE_Non-cash from your account_MEAN,135.78625168119157
CC_SK_DPD_SUM,133.72609301975794
CC_COUNT,132.6543173108782
BURO_CREDIT_DAY_OVERDUE_MEAN,130.4518416268485
WEEKDAY_APPR_PROCESS_START_FRIDAY,130.20482969284058
NAME_INCOME_TYPE_Commercial associate,130.08472170148576
CC_CNT_DRAWINGS_CURRENT_MIN,128.9979910169329
CC_AMT_TOTAL_RECEIVABLE_MIN,127.83076320375714
PREV_NAME_CASH_LOAN_PURPOSE_Medicine_MEAN,127.66113124574933
NAME_HOUSING_TYPE_House / apartment,122.17863294056484
NAME_FAMILY_STATUS_Separated,120.84466103145054
PREV_NAME_CASH_LOAN_PURPOSE_Gasification / water supply_MEAN,120.16019313676017
CC_SK_DPD_VAR,118.42960977554321
CC_NAME_CONTRACT_STATUS_Active_MEAN,117.19568797520229
NAME_HOUSING_TYPE_Municipal apartment,114.94680820192609
CC_AMT_DRAWINGS_POS_CURRENT_MIN,114.42784009660993
CC_CNT_DRAWINGS_OTHER_CURRENT_MEAN,114.24120541981289
FLOORSMIN_MEDI,113.56899670192173
NAME_EDUCATION_TYPE_Lower secondary,112.70185388837542
CC_AMT_DRAWINGS_OTHER_CURRENT_SUM,112.43148749215263
CC_AMT_DRAWINGS_OTHER_CURRENT_MEAN,112.37654951640538
WEEKDAY_APPR_PROCESS_START_SATURDAY,111.85825695310321
PREV_NAME_GOODS_CATEGORY_Vehicles_MEAN,108.5092544555664
WEEKDAY_APPR_PROCESS_START_MONDAY,108.02402084214347
PREV_NAME_GOODS_CATEGORY_Homewares_MEAN,107.06667164393834
OCCUPATION_TYPE_High skill tech staff,106.90207358769008
CC_NAME_CONTRACT_STATUS_Completed_VAR,106.5965689250401
PREV_NAME_GOODS_CATEGORY_Sport and Leisure_MEAN,104.04673753465924
PREV_NAME_CASH_LOAN_PURPOSE_Payments on other loans_MEAN,102.71810681479317
PREV_NAME_CASH_LOAN_PURPOSE_Car repairs_MEAN,102.32955210549491
PREV_CODE_REJECT_REASON_VERIF_MEAN,101.01766293389457
ELEVATORS_MEDI,98.59405292783465
CC_AMT_RECIVABLE_SUM,97.16024133137294
ORGANIZATION_TYPE_Trade: type 3,96.7077180998666
AMT_REQ_CREDIT_BUREAU_WEEK,96.59485571725028
CC_SK_DPD_MAX,95.94050005504063
NAME_HOUSING_TYPE_Office apartment,94.43077680042812
FLAG_DOCUMENT_16,94.12312361172268
OCCUPATION_TYPE_Accountants,92.97063037327358
PREV_NAME_CASH_LOAN_PURPOSE_Building a house or an annex_MEAN,90.67415612084525
NAME_FAMILY_STATUS_Civil marriage,90.64695303780692
ACTIVE_CREDIT_DAY_OVERDUE_MAX,89.14691243852887
CC_AMT_TOTAL_RECEIVABLE_MAX,88.40640476771763
ORGANIZATION_TYPE_Bank,87.56245858328683
PREV_NAME_GOODS_CATEGORY_Jewelry_MEAN,87.29081814629691
CC_MONTHS_BALANCE_MAX,87.27735805511475
HOUSETYPE_MODE_specific housing,86.86446394239154
PREV_NAME_GOODS_CATEGORY_Medicine_MEAN,86.78259577069964
REG_CITY_NOT_WORK_CITY,85.4570586340768
CC_AMT_INST_MIN_REGULARITY_MIN,84.87508010864258
ACTIVE_CREDIT_DAY_OVERDUE_MEAN,84.43522562299457
ORGANIZATION_TYPE_Transport: type 4,84.30145440782819
PREV_NAME_CASH_LOAN_PURPOSE_Buying a used car_MEAN,81.9726014818464
PREV_FLAG_LAST_APPL_PER_CONTRACT_N_MEAN,81.77134684153965
NAME_TYPE_SUITE_Unaccompanied,79.3378484589713
ORGANIZATION_TYPE_Police,78.25565719604492
FLAG_DOCUMENT_6,78.0681073325021
OCCUPATION_TYPE_Medicine staff,77.84900607381549
ORGANIZATION_TYPE_Industry: type 3,75.9829341343471
ACTIVE_CNT_CREDIT_PROLONG_SUM,74.91607996395656
PREV_NAME_GOODS_CATEGORY_Office Appliances_MEAN,74.55320617130825
CC_AMT_TOTAL_RECEIVABLE_VAR,73.67998089109149
NAME_HOUSING_TYPE_Rented apartment,73.13637134007045
POS_NAME_CONTRACT_STATUS_Demand_MEAN,72.2018255506243
PREV_NAME_GOODS_CATEGORY_Medical Supplies_MEAN,71.571647303445
ORGANIZATION_TYPE_Kindergarten,70.61442470550537
BURO_CREDIT_TYPE_Another type of loan_MEAN,70.2318605014256
PREV_NAME_GOODS_CATEGORY_Other_MEAN,69.09825147901263
LIVE_CITY_NOT_WORK_CITY,69.05804409299579
PREV_NAME_TYPE_SUITE_Group of people_MEAN,67.66914694649833
CLOSED_AMT_CREDIT_SUM_OVERDUE_MEAN,66.26220382962909
PREV_NAME_CASH_LOAN_PURPOSE_Education_MEAN,65.61533880233765
CC_NAME_CONTRACT_STATUS_Signed_MEAN,65.00929416928973
AMT_REQ_CREDIT_BUREAU_DAY,64.13095569610596
AMT_REQ_CREDIT_BUREAU_HOUR,62.32884570530483
NAME_TYPE_SUITE_Family,62.18264273234776
FONDKAPREMONT_MODE_not specified,62.02024957111904
CC_AMT_DRAWINGS_ATM_CURRENT_MIN,61.893422671726775
CC_CNT_INSTALMENT_MATURE_CUM_MIN,59.94913009234837
BURO_CREDIT_CURRENCY_currency 1_MEAN,56.5438117980957
PREV_PRODUCT_COMBINATION_POS others without interest_MEAN,56.25805711746216
PREV_NAME_CLIENT_TYPE_XNA_MEAN,56.133708817618235
CC_AMT_TOTAL_RECEIVABLE_SUM,55.24432686397007
PREV_NAME_CASH_LOAN_PURPOSE_Furniture_MEAN,54.766315937042236
FONDKAPREMONT_MODE_reg oper account,54.618793964385986
ORGANIZATION_TYPE_Restaurant,54.60248599733625
OCCUPATION_TYPE_Waiters/barmen staff,54.47953660147531
NAME_TYPE_SUITE_Other_B,54.40447694914682
BURO_CREDIT_TYPE_Loan for working capital replenishment_MEAN,54.168707030160085
FLAG_DOCUMENT_8,53.815044266836985
NAME_TYPE_SUITE_Children,52.058461734226775
NAME_EDUCATION_TYPE_Incomplete higher,51.359064306531636
BURO_CREDIT_CURRENCY_currency 3_MEAN,51.33761548995972
REG_REGION_NOT_WORK_REGION,51.23045839582171
ORGANIZATION_TYPE_Security,50.430518695286345
WALLSMATERIAL_MODE_Others,50.071590423583984
CC_SK_DPD_DEF_SUM,49.86803838184902
BURO_CNT_CREDIT_PROLONG_SUM,49.855205808367046
CC_AMT_DRAWINGS_CURRENT_MIN,49.0708452633449
LIVE_REGION_NOT_WORK_REGION,49.05972828183855
OCCUPATION_TYPE_Security staff,48.97161272593907
WEEKDAY_APPR_PROCESS_START_SUNDAY,48.6627413885934
PREV_NAME_CASH_LOAN_PURPOSE_Business development_MEAN,48.62678439276559
NAME_FAMILY_STATUS_Widow,48.29289851869856
NAME_HOUSING_TYPE_With parents,47.95109006336757
PREV_CODE_REJECT_REASON_CLIENT_MEAN,47.680021217891145
PREV_NAME_CASH_LOAN_PURPOSE_Journey_MEAN,46.65642547607422
ORGANIZATION_TYPE_Legal Services,45.51608664648874
EMERGENCYSTATE_MODE,45.20430837358747
ORGANIZATION_TYPE_Trade: type 7,44.191165515354704
ORGANIZATION_TYPE_Medicine,44.0327399117606
CC_AMT_PAYMENT_TOTAL_CURRENT_MIN,43.80942794254848
FLAG_DOCUMENT_13,43.63217418534415
"NAME_TYPE_SUITE_Spouse, partner",42.07373850686209
WALLSMATERIAL_MODE_Block,41.3572017124721
ORGANIZATION_TYPE_Business Entity Type 2,40.66603054319109
ORGANIZATION_TYPE_Other,40.543374231883455
NAME_EDUCATION_TYPE_Academic degree,39.59801871435983
PREV_NAME_CASH_LOAN_PURPOSE_Everyday expenses_MEAN,39.0131642477853
OCCUPATION_TYPE_Cleaning staff,38.91711861746652
FONDKAPREMONT_MODE_org spec account,37.568877288273406
ORGANIZATION_TYPE_Business Entity Type 1,36.72074999128069
ORGANIZATION_TYPE_Government,36.415200914655415
PREV_NAME_SELLER_INDUSTRY_Jewelry_MEAN,35.97945145198277
ORGANIZATION_TYPE_Telecom,35.92809745243618
ORGANIZATION_TYPE_Security Ministries,35.677088499069214
CC_NAME_CONTRACT_STATUS_Signed_VAR,32.63002831595285
FLAG_EMAIL,31.732271330697195
PREV_NAME_GOODS_CATEGORY_Gardening_MEAN,31.683471407209122
OCCUPATION_TYPE_Cooking staff,31.193625824792043
WALLSMATERIAL_MODE_Mixed,30.932282515934535
FLAG_DOCUMENT_5,29.84503412246704
OCCUPATION_TYPE_Private service staff,29.171318735395158
CC_SK_DPD_DEF_MAX,28.792465823037283
FLAG_DOCUMENT_21,28.775554248264857
OCCUPATION_TYPE_Managers,28.422289848327637
REG_REGION_NOT_LIVE_REGION,28.24435567855835
ORGANIZATION_TYPE_Agriculture,27.886830057416642
PREV_NAME_CONTRACT_TYPE_XNA_MEAN,26.841173035757883
PREV_NAME_CASH_LOAN_PURPOSE_Buying a holiday home / land_MEAN,26.426297324044363
ORGANIZATION_TYPE_Industry: type 11,26.369299820491246
PREV_FLAG_LAST_APPL_PER_CONTRACT_Y_MEAN,26.23990569795881
FONDKAPREMONT_MODE_reg oper spec account,25.70486572810582
FLAG_DOCUMENT_11,25.485349859510148
PREV_NAME_GOODS_CATEGORY_Tourism_MEAN,25.33786174229213
CC_CNT_DRAWINGS_OTHER_CURRENT_MAX,24.050485610961914
ORGANIZATION_TYPE_Postal,24.034038407461985
CC_CNT_DRAWINGS_OTHER_CURRENT_SUM,23.327619756971085
ORGANIZATION_TYPE_Industry: type 4,22.59737709590367
BURO_CREDIT_CURRENCY_currency 2_MEAN,21.137528691973007
CC_NAME_CONTRACT_STATUS_Sent proposal_MEAN,20.141480139323644
PREV_NAME_CASH_LOAN_PURPOSE_Wedding / gift / holiday_MEAN,19.59484897341047
WALLSMATERIAL_MODE_Wooden,18.72966868536813
ORGANIZATION_TYPE_Industry: type 12,18.487128496170044
BURO_CREDIT_TYPE_Loan for business development_MEAN,17.980787140982493
ORGANIZATION_TYPE_Housing,17.71488298688616
CLOSED_CNT_CREDIT_PROLONG_SUM,17.033633095877512
ORGANIZATION_TYPE_Transport: type 2,16.629102979387557
PREV_NAME_GOODS_CATEGORY_Insurance_MEAN,16.13160024370466
CC_CNT_DRAWINGS_ATM_CURRENT_MIN,16.0255126953125
PREV_NAME_CASH_LOAN_PURPOSE_Buying a new car_MEAN,15.478717122759138
HOUSETYPE_MODE_block of flats,15.453714438847133
PREV_NAME_PAYMENT_TYPE_Cashless from the account of the employer_MEAN,15.17482430594308
NAME_HOUSING_TYPE_Co-op apartment,14.679489953177315
ORGANIZATION_TYPE_University,14.618668488093785
ORGANIZATION_TYPE_Mobile,12.740961483546666
OCCUPATION_TYPE_Realty agents,12.004519598824638
ORGANIZATION_TYPE_Trade: type 1,11.189156941005162
OCCUPATION_TYPE_Secretaries,11.059164319719587
WALLSMATERIAL_MODE_Monolithic,10.035251344953265
PREV_NAME_CASH_LOAN_PURPOSE_Buying a home_MEAN,9.623960086277553
HOUSETYPE_MODE_terraced house,9.414599963596888
PREV_NAME_CASH_LOAN_PURPOSE_Purchase of electronic equipment_MEAN,7.9139313016619
ORGANIZATION_TYPE_Cleaning,7.766428538731167
PREV_NAME_PORTFOLIO_Cars_MEAN,7.087614331926618
ORGANIZATION_TYPE_Trade: type 2,6.841867174421038
BURO_CREDIT_TYPE_Unknown type of loan_MEAN,6.497777121407645
ORGANIZATION_TYPE_Hotel,6.467854295458112
FLAG_DOCUMENT_9,6.0724799292428155
FLAG_DOCUMENT_14,6.037120001656668
ORGANIZATION_TYPE_Insurance,5.895391464233398
CC_NAME_CONTRACT_STATUS_Signed_SUM,5.574235848018101
ORGANIZATION_TYPE_Industry: type 1,4.23327146257673
NAME_TYPE_SUITE_Other_A,4.201371465410505
PREV_NAME_SELLER_INDUSTRY_MLM partners_MEAN,4.126314163208008
ORGANIZATION_TYPE_Advertising,3.833771433149065
PREV_PRODUCT_COMBINATION_nan_MEAN,3.8296571459089006
ORGANIZATION_TYPE_Emergency,3.7088429587227956
FLAG_DOCUMENT_15,3.5421157564435686
FLAG_CONT_MOBILE,3.321557181222098
ORGANIZATION_TYPE_Services,3.0108285631452287
FLAG_EMP_PHONE,2.6291572025844028
CC_NAME_CONTRACT_STATUS_Sent proposal_VAR,2.5860057217734203
DAYS_EMPLOYED_ANOM,2.310014179774693
NAME_INCOME_TYPE_Pensioner,2.1696999413626537
ORGANIZATION_TYPE_Electricity,1.8591571535382951
ORGANIZATION_TYPE_Trade: type 6,1.846085684640067
BURO_STATUS_nan_MEAN_MEAN,1.8258857727050781
PREV_NAME_GOODS_CATEGORY_Weapon_MEAN,1.767439944403512
ORGANIZATION_TYPE_Industry: type 7,1.5709856578281947
ORGANIZATION_TYPE_Industry: type 5,1.1892871856689453
PREV_CHANNEL_TYPE_Car dealer_MEAN,1.1579014914376395
CLOSED_CREDIT_DAY_OVERDUE_MEAN,1.0706828662327357
FLAG_DOCUMENT_20,0.8597143036978585
CC_NAME_CONTRACT_STATUS_Refused_VAR,0.0
CC_NAME_CONTRACT_STATUS_nan_VAR,0.0
CC_NAME_CONTRACT_STATUS_Demand_SUM,0.0
CC_NAME_CONTRACT_STATUS_nan_SUM,0.0
CC_NAME_CONTRACT_STATUS_nan_MEAN,0.0
CC_NAME_CONTRACT_STATUS_Sent proposal_SUM,0.0
NAME_TYPE_SUITE_Group of people,0.0
NAME_INCOME_TYPE_Student,0.0
CC_NAME_CONTRACT_STATUS_Demand_VAR,0.0
NAME_INCOME_TYPE_Unemployed,0.0
CC_NAME_CONTRACT_STATUS_Refused_SUM,0.0
CC_NAME_CONTRACT_STATUS_Refused_MEAN,0.0
BURO_CREDIT_TYPE_nan_MEAN,0.0
CC_AMT_DRAWINGS_OTHER_CURRENT_MIN,0.0
CC_SK_DPD_DEF_MIN,0.0
CC_SK_DPD_MIN,0.0
ORGANIZATION_TYPE_Industry: type 10,0.0
ORGANIZATION_TYPE_Industry: type 13,0.0
ORGANIZATION_TYPE_Industry: type 2,0.0
ORGANIZATION_TYPE_Industry: type 6,0.0
ORGANIZATION_TYPE_Industry: type 8,0.0
ORGANIZATION_TYPE_Religion,0.0
ORGANIZATION_TYPE_Trade: type 4,0.0
ORGANIZATION_TYPE_Trade: type 5,0.0
ORGANIZATION_TYPE_Transport: type 1,0.0
ORGANIZATION_TYPE_Culture,0.0
ORGANIZATION_TYPE_XNA,0.0
POS_NAME_CONTRACT_STATUS_Amortized debt_MEAN,0.0
POS_NAME_CONTRACT_STATUS_Canceled_MEAN,0.0
CC_NAME_CONTRACT_STATUS_Demand_MEAN,0.0
POS_NAME_CONTRACT_STATUS_nan_MEAN,0.0
CLOSED_CREDIT_DAY_OVERDUE_MAX,0.0
OCCUPATION_TYPE_IT staff,0.0
OCCUPATION_TYPE_HR staff,0.0
POS_NAME_CONTRACT_STATUS_XNA_MEAN,0.0
CC_NAME_CONTRACT_STATUS_Approved_VAR,0.0
NAME_INCOME_TYPE_Maternity leave,0.0
PREV_NAME_CONTRACT_TYPE_nan_MEAN,0.0
CC_NAME_CONTRACT_STATUS_Approved_SUM,0.0
FLAG_DOCUMENT_4,0.0
CC_CNT_DRAWINGS_OTHER_CURRENT_MIN,0.0
PREV_NAME_YIELD_GROUP_nan_MEAN,0.0
BURO_CREDIT_TYPE_Cash loan (non-earmarked)_MEAN,0.0
BURO_CREDIT_TYPE_Interbank credit_MEAN,0.0
PREV_NAME_GOODS_CATEGORY_Education_MEAN,0.0
BURO_CREDIT_TYPE_Loan for purchase of shares (margin lending)_MEAN,0.0
BURO_CREDIT_TYPE_Loan for the purchase of equipment_MEAN,0.0
PREV_NAME_GOODS_CATEGORY_Fitness_MEAN,0.0
BURO_CREDIT_TYPE_Mobile operator loan_MEAN,0.0
PREV_NAME_GOODS_CATEGORY_House Construction_MEAN,0.0
FLAG_DOCUMENT_7,0.0
PREV_NAME_GOODS_CATEGORY_nan_MEAN,0.0
BURO_CREDIT_TYPE_Real estate loan_MEAN,0.0
PREV_NAME_SELLER_INDUSTRY_nan_MEAN,0.0
PREV_NAME_PAYMENT_TYPE_nan_MEAN,0.0
PREV_NAME_SELLER_INDUSTRY_Tourism_MEAN,0.0
PREV_NAME_PORTFOLIO_nan_MEAN,0.0
FLAG_MOBIL,0.0
PREV_NAME_PRODUCT_TYPE_nan_MEAN,0.0
PREV_NAME_GOODS_CATEGORY_Animals_MEAN,0.0
PREV_NAME_CONTRACT_STATUS_nan_MEAN,0.0
PREV_CHANNEL_TYPE_nan_MEAN,0.0
PREV_NAME_CLIENT_TYPE_nan_MEAN,0.0
NAME_INCOME_TYPE_Businessman,0.0
PREV_CODE_REJECT_REASON_SYSTEM_MEAN,0.0
CC_NAME_CONTRACT_STATUS_Approved_MEAN,0.0
FLAG_DOCUMENT_10,0.0
PREV_WEEKDAY_APPR_PROCESS_START_nan_MEAN,0.0
PREV_CODE_REJECT_REASON_nan_MEAN,0.0
FLAG_DOCUMENT_12,0.0
PREV_FLAG_LAST_APPL_PER_CONTRACT_nan_MEAN,0.0
NAME_FAMILY_STATUS_Unknown,0.0
BURO_CREDIT_ACTIVE_Bad debt_MEAN,0.0
BURO_CREDIT_ACTIVE_nan_MEAN,0.0
PREV_NAME_CASH_LOAN_PURPOSE_Buying a garage_MEAN,0.0
PREV_NAME_CASH_LOAN_PURPOSE_Hobby_MEAN,0.0
PREV_NAME_CASH_LOAN_PURPOSE_Money for a third person_MEAN,0.0
PREV_NAME_CASH_LOAN_PURPOSE_Refusal to name the goal_MEAN,0.0
FLAG_DOCUMENT_17,0.0
PREV_NAME_CASH_LOAN_PURPOSE_nan_MEAN,0.0
BURO_CREDIT_CURRENCY_currency 4_MEAN,0.0
FLAG_DOCUMENT_19,0.0
BURO_CREDIT_CURRENCY_nan_MEAN,0.0
FLAG_DOCUMENT_2,0.0
PREV_NAME_GOODS_CATEGORY_Additional Service_MEAN,0.0
